company,source_job_id,title,role_family,city,state,country,workplace_type,employment_type,first_seen_at,source_posted_at,posting_url
BARCLAYS,99542113072,Operational Risk Technology Risk,Risk and Compliance,Whippany,,United States,unknown,Permanent,2026-08-21 17:37:32.207738,2026-08-21 00:00:00,https://search.jobs.barclays/job/whippany/operational-risk-technology-risk/13015/99542113072
BARCLAYS,99542113040,Director – Head of Americas Investment Banking Compliance,Risk and Compliance,New York,,United States,unknown,Permanent,2026-08-21 17:37:33.129310,2026-08-21 00:00:00,https://search.jobs.barclays/job/new-york/director-head-of-americas-investment-banking-compliance/13015/99542113040
BARCLAYS,99542112736,Executive Assistant,Risk and Compliance,New York,,United States,unknown,Permanent,2026-08-21 17:37:34.367157,2026-08-21 00:00:00,https://search.jobs.barclays/job/new-york/executive-assistant/13015/99542112736
BARCLAYS,99542082560,Operational Risk SME - Data Risk,Risk and Compliance,New York,,United States,unknown,Permanent,2026-08-21 17:37:35.308489,2026-08-21 00:00:00,https://search.jobs.barclays/job/new-york/operational-risk-sme-data-risk/13015/99542082560
BARCLAYS,99497774016,Prime Derivative Services Securities-AVP,Risk and Compliance,New York,,United States,unknown,Permanent,2026-08-21 17:37:35.725769,2026-08-20 00:00:00,https://search.jobs.barclays/job/new-york/prime-derivative-services-securities-avp/13015/99497774016
BARCLAYS,99446584384,Corporate Secretarial Americas VP,Risk and Compliance,New York,,United States,unknown,Permanent,2026-08-21 17:58:16.730719,2026-08-19 00:00:00,https://search.jobs.barclays/job/new-york/corporate-secretarial-americas-vp/13015/99446584384
BARCLAYS,99402587504,Rates Quantitative Analyst -VP,Risk and Compliance,New York,,United States,unknown,Permanent,2026-08-21 17:58:17.641677,2026-08-18 00:00:00,https://search.jobs.barclays/job/new-york/rates-quantitative-analyst-vp/13015/99402587504
BARCLAYS,99353496368,US Building Operations Director Lead,Risk and Compliance,New York,,United States,unknown,Permanent,2026-08-21 17:58:18.705747,2026-08-17 00:00:00,https://search.jobs.barclays/job/new-york/us-building-operations-director-lead/13015/99353496368
BARCLAYS,99217260160,Quantitative Finance Associate Summer Internship Program 2027 New York,Risk and Compliance,New York,NY,United States,unknown,Intern,2026-08-21 17:58:19.431900,2026-08-14 00:00:00,https://search.jobs.barclays/job/new-york/quantitative-finance-associate-summer-internship-program-2027-new-york/13015/99217260160
BARCLAYS,99187577696,Tech Lead Central Risk Book - VP,Risk and Compliance,New York,,United States,unknown,Permanent,2026-08-21 17:58:20.647608,2026-08-13 00:00:00,https://search.jobs.barclays/job/new-york/tech-lead-central-risk-book-vp/13015/99187577696
BARCLAYS,99028170736,Pensions & Benefits Analyst,Risk and Compliance,New York,,United States,unknown,Permanent,2026-08-21 17:58:21.871982,2026-08-10 00:00:00,https://search.jobs.barclays/job/new-york/pensions-and-benefits-analyst/13015/99028170736
BARCLAYS,99013667664,GTSM Head of Markets Post Trade Services,Risk and Compliance,Whippany,,United States,unknown,Permanent,2026-08-21 17:58:22.694704,2026-08-10 00:00:00,https://search.jobs.barclays/job/whippany/gtsm-head-of-markets-post-trade-services/13015/99013667664
BARCLAYS,98377005872,Internal Audit AVP- Data Analytics GenAI,Audit,New York,,United States,unknown,Permanent,2026-08-21 17:58:23.522535,2026-07-27 00:00:00,https://search.jobs.barclays/job/new-york/internal-audit-avp-data-analytics-genai/13015/98377005872
BARCLAYS,98249893152,Global Contract Service Macro-Distribution Senior Negotiator,Risk and Compliance,New York,,United States,unknown,Permanent,2026-08-21 17:58:24.676063,2026-08-21 00:00:00,https://search.jobs.barclays/job/new-york/global-contract-service-macro-distribution-senior-negotiator/13015/98249893152
BARCLAYS,98209231408,Limits & OTC Trading Technology Lead - VP,Risk and Compliance,New York,,United States,unknown,Permanent,2026-08-21 17:58:25.714860,2026-07-24 00:00:00,https://search.jobs.barclays/job/new-york/limits-and-otc-trading-technology-lead-vp/13015/98209231408
BARCLAYS,98199088048,Internal Audit AVP- Data Analytics GenAI,Audit,New York,,United States,unknown,Permanent,2026-08-21 17:58:26.716203,2026-07-23 00:00:00,https://search.jobs.barclays/job/new-york/internal-audit-avp-data-analytics-genai/13015/98199088048
BARCLAYS,98199081984,"Equity Research Biotech, Financial Associate",Risk and Compliance,New York,,United States,unknown,Permanent,2026-08-21 17:58:28.960763,2026-07-23 00:00:00,https://search.jobs.barclays/job/new-york/equity-research-biotech-financial-associate/13015/98199081984
BARCLAYS,98108912864,Senior RAD Developer,Risk and Compliance,New York,,United States,unknown,Permanent,2026-08-21 17:58:29.488608,2026-07-21 00:00:00,https://search.jobs.barclays/job/new-york/senior-rad-developer/13015/98108912864
BARCLAYS,98066360784,Internal Audit – AVP Transaction Testing & Analytics,Audit,New York,,United States,unknown,Permanent,2026-08-21 17:58:30.502993,2026-08-19 00:00:00,https://search.jobs.barclays/job/new-york/internal-audit-avp-transaction-testing-and-analytics/13015/98066360784
BARCLAYS,97938023136,VP Audit-Global Investment Banking,Risk and Compliance,New York,,United States,unknown,Permanent,2026-08-21 17:58:32.083530,2026-08-12 00:00:00,https://search.jobs.barclays/job/new-york/vp-audit-global-investment-banking/13015/97938023136
BARCLAYS,97834886432,"Investment Banking Healthcare, AVP",Risk and Compliance,New York,,United States,unknown,Permanent,2026-08-21 17:58:32.767967,2026-07-15 00:00:00,https://search.jobs.barclays/job/new-york/investment-banking-healthcare-avp/13015/97834886432
BARCLAYS,97834882576,Market Data Operations Manager,Risk and Compliance,New York,,United States,unknown,Permanent,2026-08-21 17:58:33.829989,2026-07-23 00:00:00,https://search.jobs.barclays/job/new-york/market-data-operations-manager/13015/97834882576
BARCLAYS,97791665424,"Data Scientist, Analytics and Modelling",Risk and Compliance,New York,,United States,unknown,Permanent,2026-08-21 17:58:34.547410,2026-07-14 00:00:00,https://search.jobs.barclays/job/new-york/data-scientist-analytics-and-modelling/13015/97791665424
BARCLAYS,97535802768,Senior FX Trading System Engineer - AVP,Risk and Compliance,New York,,United States,unknown,Permanent,2026-08-21 17:58:35.559086,2026-07-08 00:00:00,https://search.jobs.barclays/job/new-york/senior-fx-trading-system-engineer-avp/13015/97535802768
BARCLAYS,97254028672,Equity Research Broker/Dealers and Asset Managers AVP,Risk and Compliance,New York,,United States,unknown,Permanent,2026-08-21 17:58:36.791732,2026-08-06 00:00:00,https://search.jobs.barclays/job/new-york/equity-research-broker-dealers-and-asset-managers-avp/13015/97254028672
BARCLAYS,97142176528,VP - Prime Services Product Manager,Risk and Compliance,New York,,United States,unknown,Permanent,2026-08-21 17:58:37.873616,2026-06-30 00:00:00,https://search.jobs.barclays/job/new-york/vp-prime-services-product-manager/13015/97142176528
BARCLAYS,97110713792,Assistant VP - Global Markets,Risk and Compliance,New York,,United States,unknown,Permanent,2026-08-21 17:58:39.047154,2026-06-29 00:00:00,https://search.jobs.barclays/job/new-york/assistant-vp-global-markets/13015/97110713792
BARCLAYS,96979853760,"Business Analyst / Project Manager, AVP",Risk and Compliance,New York,,United States,unknown,Permanent,2026-08-21 17:58:39.887438,2026-06-26 00:00:00,https://search.jobs.barclays/job/new-york/business-analyst-project-manager-avp/13015/96979853760
BARCLAYS,96979843088,"VP, Prime Services Transition Management",Risk and Compliance,New York,,United States,unknown,Permanent,2026-08-21 17:58:41.298656,2026-08-06 00:00:00,https://search.jobs.barclays/job/new-york/vp-prime-services-transition-management/13015/96979843088
BARCLAYS,96889479840,Equity Research Airlines and Transportation AVP,Risk and Compliance,New York,,United States,unknown,Permanent,2026-08-21 17:58:41.939255,2026-08-06 00:00:00,https://search.jobs.barclays/job/new-york/equity-research-airlines-and-transportation-avp/13015/96889479840
BARCLAYS,96575884976,Head of Escrow Sales,Risk and Compliance,New York,,United States,unknown,Permanent,2026-08-21 17:58:42.885939,2026-06-17 00:00:00,https://search.jobs.barclays/job/new-york/head-of-escrow-sales/13015/96575884976
BARCLAYS,96575884928,Head of Escrow Structuring Execution and Control,Risk and Compliance,New York,,United States,unknown,Permanent,2026-08-21 17:58:43.832854,2026-06-17 00:00:00,https://search.jobs.barclays/job/new-york/head-of-escrow-structuring-execution-and-control/13015/96575884928
BARCLAYS,96259803648,Senior Site Reliability Engineer - AVP - Credit Trade Floor,Cloud and Infrastructure,New York,,United States,unknown,Permanent,2026-08-21 17:58:45.607802,2026-08-04 00:00:00,https://search.jobs.barclays/job/new-york/senior-site-reliability-engineer-avp-credit-trade-floor/13015/96259803648
BARCLAYS,95424170528,"Equities Derivatives Strat, VP",Risk and Compliance,New York,,United States,unknown,Permanent,2026-08-21 17:58:46.802681,2026-08-18 00:00:00,https://search.jobs.barclays/job/new-york/equities-derivatives-strat-vp/13015/95424170528
BARCLAYS,95104583024,"Equity Research Aerospace & Defense/Defense Tech, AVP",Risk and Compliance,New York,,United States,unknown,Permanent,2026-08-21 17:58:47.814585,2026-06-05 00:00:00,https://search.jobs.barclays/job/new-york/equity-research-aerospace-and-defense-defense-tech-avp/13015/95104583024
BARCLAYS,94612624016,Director - Corporate and Equity Derivatives Attorney,Risk and Compliance,New York,,United States,unknown,Permanent,2026-08-21 17:58:48.960915,2026-07-24 00:00:00,https://search.jobs.barclays/job/new-york/director-corporate-and-equity-derivatives-attorney/13015/94612624016
BARCLAYS,94499151296,"Vice President, Head of Unix Operations",Risk and Compliance,New York,,United States,unknown,Permanent,2026-08-21 17:58:49.724613,2026-06-17 00:00:00,https://search.jobs.barclays/job/new-york/vice-president-head-of-unix-operations/13015/94499151296
BARCLAYS,93918195072,"Director,  FinTech / Financial Institutions Coverage, International Corporate Banking Americas",Risk and Compliance,New York,,United States,unknown,Permanent,2026-08-21 17:58:50.972520,2026-07-27 00:00:00,https://search.jobs.barclays/job/new-york/director-fintech-financial-institutions-coverage-international-corporate-banking-americas/13015/93918195072
BARCLAYS,93156155904,Kafka Streaming Architect,Risk and Compliance,New York,,United States,unknown,Permanent,2026-08-21 17:58:51.860808,2026-06-10 00:00:00,https://search.jobs.barclays/job/new-york/kafka-streaming-architect/13015/93156155904
BARCLAYS,92383698576,Chief of Staff AVP,Risk and Compliance,New York,,United States,unknown,Permanent,2026-08-21 17:58:52.872207,2026-07-30 00:00:00,https://search.jobs.barclays/job/new-york/chief-of-staff-avp/13015/92383698576
BARCLAYS,89599490032,Futures OTC Clearing VP,Risk and Compliance,New York,,United States,unknown,Permanent,2026-08-21 17:58:53.872069,2026-08-20 00:00:00,https://search.jobs.barclays/job/new-york/futures-otc-clearing-vp/13015/89599490032
BARCLAYS,87257398560,Securitized Product Business Oversight Compliance - VP,Risk and Compliance,New York,,United States,unknown,Permanent,2026-08-21 17:58:54.920507,2026-08-13 00:00:00,https://search.jobs.barclays/job/new-york/securitized-product-business-oversight-compliance-vp/13015/87257398560
BARCLAYS,86448250288,"Equity Research Software, AVP",Risk and Compliance,New York,,United States,unknown,Permanent,2026-08-21 17:58:55.874495,2026-08-06 00:00:00,https://search.jobs.barclays/job/new-york/equity-research-software-avp/13015/86448250288
BARCLAYS,99542114960,Correspondent Banking Investigations Analyst,Risk and Compliance,Whippany,,United States,unknown,Permanent,2026-08-21 17:58:56.697702,2026-08-21 00:00:00,https://search.jobs.barclays/job/whippany/correspondent-banking-investigations-analyst/13015/99542114960
BARCLAYS,99542110640,AI Governance Assurance - Data Science Practice,Risk and Compliance,Wilmington,,United States,unknown,Permanent,2026-08-21 17:58:58.042815,2026-08-21 00:00:00,https://search.jobs.barclays/job/wilmington/ai-governance-assurance-data-science-practice/13015/99542110640
BARCLAYS,99542110576,AI Governance Assurance - Data Science Practice,Risk and Compliance,Wilmington,,United States,unknown,Permanent,2026-08-21 17:58:58.912689,2026-08-21 00:00:00,https://search.jobs.barclays/job/wilmington/ai-governance-assurance-data-science-practice/13015/99542110576
BARCLAYS,99511865424,Senior Cyber Risk Service Manager - VP,Risk and Compliance,Whippany,,United States,unknown,Permanent,2026-08-21 17:58:59.709511,2026-08-20 00:00:00,https://search.jobs.barclays/job/whippany/senior-cyber-risk-service-manager-vp/13015/99511865424
BARCLAYS,99464981792,Senior Application Support Specialist,Risk and Compliance,Whippany,,United States,unknown,Permanent,2026-08-21 17:59:00.941860,2026-08-19 00:00:00,https://search.jobs.barclays/job/whippany/senior-application-support-specialist/13015/99464981792
BARCLAYS,99446586512,Global Head of Surveillance Technology,Risk and Compliance,Whippany,,United States,unknown,Permanent,2026-08-21 17:59:03.056513,2026-08-19 00:00:00,https://search.jobs.barclays/job/whippany/global-head-of-surveillance-technology/13015/99446586512
BARCLAYS,99446578832,Lead Big Data Engineer – VP Risk Analytics,Risk and Compliance,Whippany,,United States,unknown,Permanent,2026-08-21 17:59:03.753814,2026-08-19 00:00:00,https://search.jobs.barclays/job/whippany/lead-big-data-engineer-vp-risk-analytics/13015/99446578832
BARCLAYS,99368963568,Senior Engineer VP - Digital Assets,Risk and Compliance,Whippany,,United States,unknown,Permanent,2026-08-21 17:59:05.057377,2026-08-17 00:00:00,https://search.jobs.barclays/job/whippany/senior-engineer-vp-digital-assets/13015/99368963568
BARCLAYS,99368957968,Lead Software Development Engineer - VP,Risk and Compliance,Whippany,,United States,unknown,Permanent,2026-08-21 17:59:06.052459,2026-08-19 00:00:00,https://search.jobs.barclays/job/whippany/lead-software-development-engineer-vp/13015/99368957968
BARCLAYS,99217259792,Senior Cyber Threat Hunting Analyst - AVP,Risk and Compliance,Whippany,,United States,unknown,Permanent,2026-08-21 17:59:07.103606,2026-08-14 00:00:00,https://search.jobs.barclays/job/whippany/senior-cyber-threat-hunting-analyst-avp/13015/99217259792
BARCLAYS,99217242016,Lead Cyber Threat Hunting Analyst - VP,Risk and Compliance,Whippany,,United States,unknown,Permanent,2026-08-21 17:59:08.137493,2026-08-14 00:00:00,https://search.jobs.barclays/job/whippany/lead-cyber-threat-hunting-analyst-vp/13015/99217242016
BARCLAYS,99134719040,M365 Service Engineer - AVP,Risk and Compliance,Whippany,,United States,unknown,Permanent,2026-08-21 17:59:09.049723,2026-08-12 00:00:00,https://search.jobs.barclays/job/whippany/m365-service-engineer-avp/13015/99134719040
BARCLAYS,99028214704,Java Developer - Markets Post Trade,Risk and Compliance,Whippany,,United States,unknown,Permanent,2026-08-21 17:59:10.081167,2026-08-10 00:00:00,https://search.jobs.barclays/job/whippany/java-developer-markets-post-trade/13015/99028214704
BARCLAYS,98861302192,Lead Big Data Engineer - VP,Data and AI,Whippany,,United States,unknown,Permanent,2026-08-21 17:59:11.043755,2026-08-06 00:00:00,https://search.jobs.barclays/job/whippany/lead-big-data-engineer-vp/13015/98861302192
BARCLAYS,98752784208,Senior Software Engineer for CIAM,Risk and Compliance,Whippany,,United States,unknown,Permanent,2026-08-21 17:59:12.278656,2026-08-04 00:00:00,https://search.jobs.barclays/job/whippany/senior-software-engineer-for-ciam/13015/98752784208
BARCLAYS,98585709536,Production Support Engineer,Risk and Compliance,Whippany,,United States,unknown,Permanent,2026-08-21 17:59:12.841485,2026-08-14 00:00:00,https://search.jobs.barclays/job/whippany/production-support-engineer/13015/98585709536
BARCLAYS,98488725936,Digital Transformation and Solution Architecture - VP,Risk and Compliance,Whippany,,United States,unknown,Permanent,2026-08-21 17:59:14.250416,2026-08-14 00:00:00,https://search.jobs.barclays/job/whippany/digital-transformation-and-solution-architecture-vp/13015/98488725936
BARCLAYS,98488724080,Colleague Engagement Lead,Risk and Compliance,Whippany,,United States,unknown,Permanent,2026-08-21 17:59:15.301770,2026-08-11 00:00:00,https://search.jobs.barclays/job/whippany/colleague-engagement-lead/13015/98488724080
BARCLAYS,98249893184,Broker Dealer Regulatory Reporting Analyst,Risk and Compliance,Whippany,,United States,unknown,Permanent,2026-08-21 17:59:16.229615,2026-08-10 00:00:00,https://search.jobs.barclays/job/whippany/broker-dealer-regulatory-reporting-analyst/13015/98249893184
BARCLAYS,98136606832,Agile Master Coach,Risk and Compliance,Whippany,,United States,unknown,Permanent,2026-08-21 17:59:17.181481,2026-07-22 00:00:00,https://search.jobs.barclays/job/whippany/agile-master-coach/13015/98136606832
BARCLAYS,97923297904,Senior Forward Deployed AI Engineer,Data and AI,Whippany,,United States,unknown,Permanent,2026-08-21 17:59:18.211583,2026-08-17 00:00:00,https://search.jobs.barclays/job/whippany/senior-forward-deployed-ai-engineer/13015/97923297904
BARCLAYS,97849115536,Correspondent Banking Investigation AVP,Risk and Compliance,Whippany,,United States,unknown,Permanent,2026-08-21 17:59:19.998284,2026-08-20 00:00:00,https://search.jobs.barclays/job/whippany/correspondent-banking-investigation-avp/13015/97849115536
BARCLAYS,97747005216,"Axiom Developer, AVP",Risk and Compliance,Whippany,,United States,unknown,Permanent,2026-08-21 17:59:21.204025,2026-07-13 00:00:00,https://search.jobs.barclays/job/whippany/axiom-developer-avp/13015/97747005216
BARCLAYS,97629421936,Senior Java Developer – Portal,Risk and Compliance,Whippany,,United States,unknown,Permanent,2026-08-21 17:59:22.161260,2026-07-10 00:00:00,https://search.jobs.barclays/job/whippany/senior-java-developer-portal/13015/97629421936
BARCLAYS,97629421904,Technology Analyst,Risk and Compliance,Whippany,,United States,unknown,Permanent,2026-08-21 17:59:22.943314,2026-07-10 00:00:00,https://search.jobs.barclays/job/whippany/technology-analyst/13015/97629421904
BARCLAYS,97629421872,Internal Tech Auditor – AVP,Audit,Whippany,,United States,unknown,Permanent,2026-08-21 17:59:24.294254,2026-07-10 00:00:00,https://search.jobs.barclays/job/whippany/internal-tech-auditor-avp/13015/97629421872
BARCLAYS,97629421648,"AVP, Credit Risk Reporting",Risk and Compliance,Whippany,,United States,unknown,Permanent,2026-08-21 17:59:25.201758,2026-07-10 00:00:00,https://search.jobs.barclays/job/whippany/avp-credit-risk-reporting/13015/97629421648
BARCLAYS,97614952672,Full Stack Developer – Securitized Products Technology,Software Engineering,Whippany,,United States,unknown,Permanent,2026-08-21 17:59:26.209842,2026-07-10 00:00:00,https://search.jobs.barclays/job/whippany/full-stack-developer-securitized-products-technology/13015/97614952672
BARCLAYS,97614952256,Test Engineer AVP,Risk and Compliance,Whippany,,United States,unknown,Permanent,2026-08-21 17:59:27.062677,2026-07-10 00:00:00,https://search.jobs.barclays/job/whippany/test-engineer-avp/13015/97614952256
BARCLAYS,97567869984,Senior Data Analytics Developer,Software Engineering,Whippany,,United States,unknown,Permanent,2026-08-21 17:59:28.110843,2026-07-09 00:00:00,https://search.jobs.barclays/job/whippany/senior-data-analytics-developer/13015/97567869984
BARCLAYS,97535825040,Java Developer,Risk and Compliance,Whippany,,United States,unknown,Permanent,2026-08-21 17:59:29.545772,2026-07-08 00:00:00,https://search.jobs.barclays/job/whippany/java-developer/13015/97535825040
BARCLAYS,97535824848,Business Analyst,Risk and Compliance,Whippany,,United States,unknown,Permanent,2026-08-21 17:59:30.075410,2026-07-08 00:00:00,https://search.jobs.barclays/job/whippany/business-analyst/13015/97535824848
BARCLAYS,97535824704,"Sr ETL Developer, AVP",Risk and Compliance,Whippany,,United States,unknown,Permanent,2026-08-21 17:59:31.384606,2026-07-08 00:00:00,https://search.jobs.barclays/job/whippany/sr-etl-developer-avp/13015/97535824704
BARCLAYS,97535824640,"Penetration Tester, AVP",Cybersecurity,Whippany,,United States,unknown,Permanent,2026-08-21 17:59:32.418718,2026-07-08 00:00:00,https://search.jobs.barclays/job/whippany/penetration-tester-avp/13015/97535824640
BARCLAYS,97535824592,"AVP, Back End Engineer",Risk and Compliance,Whippany,,United States,unknown,Permanent,2026-08-21 17:59:33.331187,2026-07-08 00:00:00,https://search.jobs.barclays/job/whippany/avp-back-end-engineer/13015/97535824592
BARCLAYS,97490237840,Business Intelligence Developer,Risk and Compliance,Whippany,,United States,unknown,Permanent,2026-08-21 17:59:34.491980,2026-07-07 00:00:00,https://search.jobs.barclays/job/whippany/business-intelligence-developer/13015/97490237840
BARCLAYS,97490237776,Senior Software Engineer,Risk and Compliance,Whippany,,United States,unknown,Permanent,2026-08-21 17:59:35.626658,2026-07-07 00:00:00,https://search.jobs.barclays/job/whippany/senior-software-engineer/13015/97490237776
BARCLAYS,97157401472,Data Engineer - AVP,Risk and Compliance,Whippany,,United States,unknown,Permanent,2026-08-21 17:59:37.378989,2026-06-30 00:00:00,https://search.jobs.barclays/job/whippany/data-engineer-avp/13015/97157401472
BARCLAYS,97110713696,"Assistant VP, TDS Senior Developer",Risk and Compliance,Whippany,,United States,unknown,Permanent,2026-08-21 17:59:38.982677,2026-06-29 00:00:00,https://search.jobs.barclays/job/whippany/assistant-vp-tds-senior-developer/13015/97110713696
BARCLAYS,97095888048,"AVP, Business Insights and Analytics",Risk and Compliance,Whippany,,United States,unknown,Permanent,2026-08-21 17:59:39.113071,2026-06-29 00:00:00,https://search.jobs.barclays/job/whippany/avp-business-insights-and-analytics/13015/97095888048
BARCLAYS,96979853312,Data Strategy Manager,Risk and Compliance,Whippany,,United States,unknown,Permanent,2026-08-21 17:59:40.375314,2026-06-26 00:00:00,https://search.jobs.barclays/job/whippany/data-strategy-manager/13015/96979853312
BARCLAYS,96874820416,Solution Architect - VP,Risk and Compliance,Whippany,,United States,unknown,Permanent,2026-08-21 17:59:41.436663,2026-07-31 00:00:00,https://search.jobs.barclays/job/whippany/solution-architect-vp/13015/96874820416
BARCLAYS,96800464016,"Assistant VP, DevOps Engineer",Risk and Compliance,Whippany,,United States,unknown,Permanent,2026-08-21 17:59:42.421445,2026-06-22 00:00:00,https://search.jobs.barclays/job/whippany/assistant-vp-devops-engineer/13015/96800464016
BARCLAYS,96172944576,Principal Wallet Security Engineer – Digital Assets,Risk and Compliance,Whippany,,United States,unknown,Permanent,2026-08-21 17:59:43.545762,2026-07-30 00:00:00,https://search.jobs.barclays/job/whippany/principal-wallet-security-engineer-digital-assets/13015/96172944576
BARCLAYS,96018448576,Application Support Analyst,Risk and Compliance,Whippany,,United States,unknown,Permanent,2026-08-21 17:59:44.169315,2026-08-13 00:00:00,https://search.jobs.barclays/job/whippany/application-support-analyst/13015/96018448576
BARCLAYS,95994010176,"Assistant VP, Windows Server Engineer",Risk and Compliance,Whippany,,United States,unknown,Permanent,2026-08-21 17:59:45.555992,2026-06-05 00:00:00,https://search.jobs.barclays/job/whippany/assistant-vp-windows-server-engineer/13015/95994010176
BARCLAYS,94739706720,Liquid Financing Senior Full Stack Software Engineer,Software Engineering,Whippany,,United States,unknown,Permanent,2026-08-21 17:59:47.399726,2026-07-28 00:00:00,https://search.jobs.barclays/job/whippany/liquid-financing-senior-full-stack-software-engineer/13015/94739706720
BARCLAYS,94069397632,DCW M365 Power Platform / Azure Developer,Risk and Compliance,Whippany,,United States,unknown,Permanent,2026-08-21 17:59:50.261924,2026-06-05 00:00:00,https://search.jobs.barclays/job/whippany/dcw-m365-power-platform-azure-developer/13015/94069397632
BARCLAYS,93930540112,Securitized Products Trading Floor Support Lead,Risk and Compliance,Whippany,,United States,unknown,Permanent,2026-08-21 17:59:50.881933,2026-07-20 00:00:00,https://search.jobs.barclays/job/whippany/securitized-products-trading-floor-support-lead/13015/93930540112
BARCLAYS,93512447984,AVP-Transformation and Design Enablement,Risk and Compliance,Whippany,,United States,unknown,Permanent,2026-08-21 17:59:51.916238,2026-08-12 00:00:00,https://search.jobs.barclays/job/whippany/avp-transformation-and-design-enablement/13015/93512447984
BARCLAYS,93384859200,Client Implementation Manager - Cash Management,Risk and Compliance,Whippany,,United States,unknown,Permanent,2026-08-21 17:59:52.664476,2026-07-08 00:00:00,https://search.jobs.barclays/job/whippany/client-implementation-manager-cash-management/13015/93384859200
BARCLAYS,87902474864,Principal Engineer - Data and AI,Risk and Compliance,Whippany,,United States,unknown,Permanent,2026-08-21 17:59:54.330702,2026-06-19 00:00:00,https://search.jobs.barclays/job/whippany/principal-engineer-data-and-ai/13015/87902474864
BARCLAYS,98184709568,Red Team Director,Cybersecurity,United Kingdom,,,unknown,Permanent,2026-08-21 17:59:54.826511,,https://search.jobs.barclays/job/united-kingdom/red-team-director/13015/98184709568
BARCLAYS,99464979520,Director of Loyalty Marketing,Risk and Compliance,Wilmington,,United States,unknown,Permanent,2026-08-21 17:59:56.975599,2026-08-19 00:00:00,https://search.jobs.barclays/job/wilmington/director-of-loyalty-marketing/13015/99464979520
BARCLAYS,99353518960,Retail Loan Credit Risk Reviewer,Risk and Compliance,Wilmington,,United States,unknown,Permanent,2026-08-21 17:59:57.804301,2026-08-17 00:00:00,https://search.jobs.barclays/job/wilmington/retail-loan-credit-risk-reviewer/13015/99353518960
BARCLAYS,99187582448,Scrum Master - AVP,Risk and Compliance,Wilmington,,United States,unknown,Permanent,2026-08-21 17:59:58.737938,2026-08-17 00:00:00,https://search.jobs.barclays/job/wilmington/scrum-master-avp/13015/99187582448
BARCLAYS,99119339168,Loan IQ - Data Migration Lead,Risk and Compliance,Wilmington,,United States,unknown,Permanent,2026-08-21 17:59:59.872010,2026-08-12 00:00:00,https://search.jobs.barclays/job/wilmington/loan-iq-data-migration-lead/13015/99119339168
BARCLAYS,99072658464,AVP-Portfolio Planning & Execution,Risk and Compliance,Wilmington,,United States,unknown,Permanent,2026-08-21 18:00:00.783964,2026-08-11 00:00:00,https://search.jobs.barclays/job/wilmington/avp-portfolio-planning-and-execution/13015/99072658464
BARCLAYS,98908851232,Portfolio Strategy Lead VMO VP,Risk and Compliance,Wilmington,,United States,unknown,Permanent,2026-08-21 18:00:01.742055,2026-08-07 00:00:00,https://search.jobs.barclays/job/wilmington/portfolio-strategy-lead-vmo-vp/13015/98908851232
BARCLAYS,98815634032,"VP, Strategic Initiatives",Risk and Compliance,Wilmington,,United States,unknown,Permanent,2026-08-21 18:00:02.784292,2026-08-05 00:00:00,https://search.jobs.barclays/job/wilmington/vp-strategic-initiatives/13015/98815634032
BARCLAYS,97923279696,Procurement Client Lead,Risk and Compliance,Wilmington,,United States,unknown,Permanent,2026-08-21 18:00:03.868553,2026-08-19 00:00:00,https://search.jobs.barclays/job/wilmington/procurement-client-lead/13015/97923279696
BARCLAYS,97747005248,Analytics Assurance - AVP,Risk and Compliance,Wilmington,,United States,unknown,Permanent,2026-08-21 18:00:05.318230,2026-07-13 00:00:00,https://search.jobs.barclays/job/wilmington/analytics-assurance-avp/13015/97747005248
BARCLAYS,95856692928,Workforce Management Senior Forecasting Analyst,Risk and Compliance,Wilmington,,United States,unknown,Permanent,2026-08-21 18:00:05.898278,2026-07-20 00:00:00,https://search.jobs.barclays/job/wilmington/workforce-management-senior-forecasting-analyst/13015/95856692928
BARCLAYS,95675826352,"Assistant VP, Loan Fraud Risk Lead",Risk and Compliance,Wilmington,,United States,unknown,Permanent,2026-08-21 18:00:06.965656,2026-06-05 00:00:00,https://search.jobs.barclays/job/wilmington/assistant-vp-loan-fraud-risk-lead/13015/95675826352
BARCLAYS,94270012080,VP Recovery Operations,Risk and Compliance,Henderson,,United States,unknown,Permanent,2026-08-21 18:00:07.598209,2026-07-14 00:00:00,https://search.jobs.barclays/job/henderson/vp-recovery-operations/13015/94270012080
BARCLAYS,93474477104,Loyalty Marketing Manager,Risk and Compliance,Wilmington,,United States,unknown,Permanent,2026-08-21 18:00:08.965058,2026-07-17 00:00:00,https://search.jobs.barclays/job/wilmington/loyalty-marketing-manager/13015/93474477104
BARCLAYS,89084599408,Banking Analyst Summer Internship Program 2027 Houston,Risk and Compliance,Houston,TX,United States,unknown,Intern,2026-08-21 18:00:09.920046,2026-08-20 00:00:00,https://search.jobs.barclays/job/houston/banking-analyst-summer-internship-program-2027-houston/13015/89084599408
BARCLAYS,99446589552,Banking Associate Graduate Program 2027 San Francisco,Risk and Compliance,San Francisco,CA,United States,unknown,Graduate,2026-08-21 18:00:11.662582,2026-08-19 00:00:00,https://search.jobs.barclays/job/san-francisco/banking-associate-graduate-program-2027-san-francisco/13015/99446589552
BARCLAYS,99402605664,Banking Analyst Graduate Program 2027 San Francisco,Risk and Compliance,San Francisco,CA,United States,unknown,Graduate,2026-08-21 18:00:12.676540,2026-08-18 00:00:00,https://search.jobs.barclays/job/san-francisco/banking-analyst-graduate-program-2027-san-francisco/13015/99402605664
BARCLAYS,98051411072,Executive Assistant,Risk and Compliance,San Francisco,,United States,unknown,Permanent,2026-08-21 18:00:13.883634,2026-08-18 00:00:00,https://search.jobs.barclays/job/san-francisco/executive-assistant/13015/98051411072
